{"cameraMode":{"drawMode":0,"name":"Shaded","section":"Shading Mode"},"sceneLighting":false,"audioPlay":false,"sceneViewState":{"m_AlwaysRefresh":false,"showFog":true,"showSkybox":false,"showFlares":true,"showImageEffects":true,"showParticleSystems":true,"showVisualEffectGraphs":true,"m_FxEnabled":true},"in2DMode":false,"pivot":{"x":0.05686521530151367,"y":7.990386486053467,"z":-0.41460561752319338},"rotation":{"x":0.01647932641208172,"y":0.9776875376701355,"z":-0.08410344272851944,"w":0.1915719211101532},"size":12.65631103515625,"orthographic":false}